,episode_index
0,0
1,53
2,93
3,197
4,318
5,421
6,434
7,528
8,626
9,734
10,839
11,946
12,1048
13,1060
14,1170
15,1285
16,1377
17,1490
18,1517
19,1622
20,1741
21,1795
22,1914
23,2023
24,2067
25,2173
26,2190
27,2299
28,2401
29,2498
30,2604
31,2724
32,2846
33,2953
34,3084
35,3099
36,3194
37,3298
38,3395
39,3419
40,3536
41,3569
42,3677
43,3712
44,3824
45,3949
46,3985
47,4106
48,4209
49,4309
50,4331
51,4348
52,4399
53,4475
54,4507
55,4610
56,4710
57,4733
58,4757
59,4788
60,4903
61,4952
62,5061
63,5166
64,5278
65,5392
66,5496
67,5598
68,5699
69,5813
70,5830
71,5922
72,5937
73,5946
74,5968
75,6066
76,6170
77,6271
78,6301
79,6313
80,6433
81,6545
82,6664
83,6776
84,6885
85,6895
86,7009
87,7133
88,7231
89,7334
90,7435
91,7543
92,7649
93,7748
94,7844
95,7949
96,7966
97,7986
98,8079
99,8188
100,8305
101,8331
102,8439
103,8539
104,8633
105,8732
106,8830
107,8938
108,9034
109,9145
110,9244
111,9356
112,9470
113,9578
114,9684
115,9790
116,9885
117,9968
118,10073
119,10189
120,10288
121,10390
122,10467
123,10582
124,10694
125,10817
126,10914
127,11028
128,11132
129,11239
130,11281
131,11370
132,11380
133,11504
134,11611
135,11716
136,11722
137,11826
138,11937
139,12038
140,12140
141,12260
142,12361
143,12445
144,12468
145,12577
146,12648
147,12762
148,12782
149,12896
150,12996
151,13066
152,13174
153,13288
154,13395
155,13505
156,13610
157,13731
158,13830
159,13943
160,14049
161,14159
162,14257
163,14361
164,14466
165,14560
166,14660
167,14764
168,14882
169,14990
170,15106
171,15215
172,15233
173,15352
174,15466
175,15483
176,15599
177,15619
178,15707
179,15717
180,15813
181,15934
182,16046
183,16083
184,16093
185,16118
186,16230
187,16336
188,16354
189,16459
190,16562
191,16575
192,16695
193,16710
194,16800
195,16905
196,17007
197,17114
198,17129
199,17159
200,17263
201,17379
202,17398
203,17448
204,17565
205,17660
206,17703
207,17802
208,17916
209,18035
210,18140
211,18254
212,18374
213,18470
214,18579
215,18595
216,18694
217,18722
218,18745
219,18869
220,18980
221,19023
222,19057
223,19159
224,19259
225,19344
226,19460
227,19476
228,19587
229,19621
230,19636
231,19679
232,19790
233,19883
234,19991
235,20106
236,20228
237,20237
238,20248
239,20259
240,20376
241,20388
242,20494
243,20587
244,20688
245,20771
246,20874
247,20980
248,21098
249,21200
250,21324
251,21421
252,21528
253,21618
254,21733
255,21822
256,21837
257,21938
258,22037
259,22133
260,22221
261,22236
262,22361
263,22375
264,22459
265,22584
266,22609
267,22727
268,22760
269,22864
270,22979
271,23091
272,23117
273,23231
274,23342
275,23362
276,23466
277,23560
278,23661
279,23765
280,23872
281,23967
282,24081
283,24182
284,24278
285,24376
286,24485
287,24581
288,24684
289,24799
290,24903
291,25004
292,25107
293,25214
294,25328
295,25440
296,25523
297,25640
298,25729
